<Page xmlns="http://schemas.nativescript.org/tns.xsd">
    <ActionBar title="Childland" class="bg-primary text-white" />
    
    <ScrollView>
        <StackLayout class="p-4">
            <!-- Hero Section -->
            <Image src="https://images.unsplash.com/photo-1606092195730-5d7b9af1efc5?w=800&auto=format" stretch="aspectFill" class="rounded-lg h-48" />
            <Label text="Welcome to Childland" class="text-3xl font-bold text-primary text-center mt-6" />
            <Label text="Nurturing Tomorrow's Leaders!" class="text-xl text-accent text-center mb-2" textWrap="true" />
            <Label text="Orléans, France" class="text-base text-gray-600 text-center mb-6" />

            <!-- Daily Schedule -->
            <Label text="Daily Schedule (3-5 Years)" class="text-2xl font-bold text-primary mb-4" />
            
            <StackLayout class="mb-4">
                <Label text="8:00 - 9:00" class="font-bold text-accent" />
                <Label text="Welcoming children and Breakfast" class="text-gray-600" />
            </StackLayout>

            <StackLayout class="mb-4">
                <Label text="9:00 - 9:30" class="font-bold text-accent" />
                <Label text="Circle time - singing songs and reading" class="text-gray-600" />
            </StackLayout>

            <StackLayout class="mb-4">
                <Label text="9:30 - 10:30" class="font-bold text-accent" />
                <Label text="Garden and Planned activity" class="text-gray-600" />
            </StackLayout>

            <StackLayout class="mb-4">
                <Label text="10:30 - 11:00" class="font-bold text-accent" />
                <Label text="Snack" class="text-gray-600" />
            </StackLayout>

            <StackLayout class="mb-4">
                <Label text="11:00 - 13:00" class="font-bold text-accent" />
                <Label text="Local Walk, Quiet time and Free play" class="text-gray-600" />
            </StackLayout>

            <StackLayout class="mb-4">
                <Label text="13:00 - 14:00" class="font-bold text-accent" />
                <Label text="Lunch" class="text-gray-600" />
            </StackLayout>

            <StackLayout class="mb-4">
                <Label text="14:00 - 15:30" class="font-bold text-accent" />
                <Label text="Garden and Planned activity" class="text-gray-600" />
            </StackLayout>

            <StackLayout class="mb-4">
                <Label text="15:30 - 16:00" class="font-bold text-accent" />
                <Label text="Snack" class="text-gray-600" />
            </StackLayout>

            <StackLayout class="mb-4">
                <Label text="16:00 - 18:00" class="font-bold text-accent" />
                <Label text="Free Play and pick up" class="text-gray-600" />
            </StackLayout>
        </StackLayout>
    </ScrollView>
</Page>