<Page xmlns="http://schemas.nativescript.org/tns.xsd" navigatingTo="navigatingTo">
    <ActionBar title="Childland" class="bg-green-600 text-white" />
    
    <ScrollView>
        <StackLayout class="p-4">
            <!-- Hero Section -->
            <Image src="https://images.unsplash.com/photo-1606092195730-5d7b9af1efc5?w=800&auto=format" stretch="aspectFill" class="rounded-lg h-48" />
            <Label text="Welcome to Childland" class="text-3xl font-bold text-green-800 text-center mt-6" />
            <Label text="Nurturing Tomorrow's Eco-Conscious Leaders!" class="text-xl text-green-600 text-center mb-2" textWrap="true" />
            <Label text="Orléans, France" class="text-base text-gray-600 text-center mb-6" />

            <!-- Feature Cards -->
            <GridLayout rows="auto, auto" columns="*" class="mb-6">
                <!-- Sustainability Card -->
                <StackLayout row="0" class="feature-card">
                    <Image src="https://images.unsplash.com/photo-1502741338009-cac2772e18bc?w=400&auto=format" stretch="aspectFill" class="rounded-lg h-32 mb-3" />
                    <Label text="🌱" class="feature-icon" />
                    <Label text="Eco-Conscious Learning" class="feature-title" />
                    <Label text="Engaging children in sustainable practices through hands-on activities" class="feature-description" textWrap="true" />
                </StackLayout>

                <!-- Bilingual Education Card -->
                <StackLayout row="1" class="feature-card">
                    <Image src="https://images.unsplash.com/photo-1503676260728-1c00da094a0b?w=400&auto=format" stretch="aspectFill" class="rounded-lg h-32 mb-3" />
                    <Label text="🌍" class="feature-icon" />
                    <Label text="Bilingual Environment" class="feature-title" />
                    <Label text="Nurturing language skills in both French and English" class="feature-description" textWrap="true" />
                </StackLayout>
            </GridLayout>

            <!-- CTA Section -->
            <StackLayout class="bg-green-50 p-4 rounded-lg mb-6">
                <Label text="Join Our Eco-Conscious Community" class="section-title text-center" />
                <Button text="Learn More About Our Programs" tap="{{ onLearnMore }}" class="action-button" />
                <Button text="Enroll Now" tap="{{ onEnroll }}" class="action-button" />
                <Button text="Contact Us Today" tap="{{ onContact }}" class="action-button" />
            </StackLayout>

            <!-- Values Section -->
            <Label text="Our Core Values" class="section-title text-center" />
            <GridLayout rows="auto, auto, auto" columns="*,*" class="mb-6">
                <StackLayout row="0" col="0" class="p-2">
                    <Label text="🌱" class="text-3xl text-center" />
                    <Label text="Sustainability" class="text-center font-semibold" />
                </StackLayout>
                <StackLayout row="0" col="1" class="p-2">
                    <Label text="🗣️" class="text-3xl text-center" />
                    <Label text="Bilingual" class="text-center font-semibold" />
                </StackLayout>
                <StackLayout row="1" col="0" class="p-2">
                    <Label text="⏰" class="text-3xl text-center" />
                    <Label text="Flexibility" class="text-center font-semibold" />
                </StackLayout>
                <StackLayout row="1" col="1" class="p-2">
                    <Label text="🤝" class="text-3xl text-center" />
                    <Label text="Community" class="text-center font-semibold" />
                </StackLayout>
            </GridLayout>
        </StackLayout>
    </ScrollView>
</Page>